11|Marko|Markovic|marko.markovic@gmail.com|065|10|10.10.2019|20.10.2019|150
1|Nikola|Nikolic|nikola.nikolic@gmail.com|061|13|28.1.2019|10.2.2019|130
16|Branko|Brankovic|branko.brankovic@gmail.com|060|7|29.12.2019|5.1.2020|105
4|Ana|Antic|ana.antic@gmail.com|066|29|20.2.2019|21.3.2019|290
9|Marina|Matic|marina.matic@gmail.com|064|15|17.5.2019|1.6.2019|150
7|Petra|Petric|petra.petric@gmail.com|066|7|14.11.2019|21.11.2019|70
14|marko|markovic|marko@gmail.com|065|10|30.1.2019|9.2.2019|150
